plot_id,layout,plot_area,plot_type,road_facing,price,status,listed_date,interested_buyers,last_interaction_date,nearby_sold_count,layout_median_price_per_sqft,dead_label
SYN-Layout_C-0001,Layout_C,1150.0,corner,True,3431032.0,Available,2025-09-16T11:58:03Z,0,,6,5201.35,Dead
SYN-Layout_A-0002,Layout_A,850.0,normal,True,2297281.0,Available,2025-05-06T11:58:03Z,0,,7,4082.69,Dead
SYN-Layout_C-0003,Layout_C,1650.0,corner,True,11491825.0,Available,2025-10-30T11:58:03Z,1,2026-05-11T11:58:03Z,5,5201.35,Dead
SYN-Layout_A-0004,Layout_A,1050.0,normal,True,3784738.0,Available,2025-07-27T11:58:03Z,0,,6,4082.69,Dead
SYN-Layout_A-0005,Layout_A,2550.0,corner,True,11149923.0,Available,2025-07-18T11:58:03Z,0,,4,4082.69,Dead
SYN-Layout_A-0006,Layout_A,1500.0,normal,False,8079050.0,Available,2025-08-30T11:58:03Z,1,2026-05-18T11:58:03Z,3,4082.69,Dead
SYN-Layout_C-0007,Layout_C,1650.0,corner,False,10859199.0,Available,2025-12-14T11:58:03Z,0,,6,5201.35,Dead
SYN-Layout_B-0008,Layout_B,2800.0,corner,False,15974122.0,Available,2025-08-06T11:58:03Z,0,,6,4325.72,Dead
SYN-Layout_B-0009,Layout_B,1000.0,normal,True,4088116.0,Available,2025-08-11T11:58:03Z,1,2026-05-03T11:58:03Z,4,4325.72,Dead
SYN-Layout_A-0010,Layout_A,1550.0,corner,True,9245458.0,Available,2025-09-07T11:58:03Z,1,2026-05-05T11:58:03Z,8,4082.69,Dead
SYN-Layout_B-0011,Layout_B,1050.0,normal,True,5104256.0,Available,2025-11-24T11:58:03Z,0,,6,4325.72,Dead
SYN-Layout_B-0012,Layout_B,2700.0,normal,True,12661081.0,Available,2026-01-14T11:58:03Z,1,2026-04-17T11:58:03Z,4,4325.72,Dead
SYN-Layout_B-0013,Layout_B,1300.0,normal,True,4822944.0,Available,2025-09-07T11:58:03Z,0,,2,4325.72,Dead
SYN-Layout_B-0014,Layout_B,1300.0,corner,False,7538261.0,Available,2026-01-19T11:58:03Z,1,2026-05-27T11:58:03Z,4,4325.72,Dead
SYN-Layout_A-0015,Layout_A,950.0,corner,True,3978027.0,Available,2025-12-10T11:58:03Z,1,2026-05-24T11:58:03Z,7,4082.69,Dead
SYN-Layout_C-0016,Layout_C,1300.0,normal,False,4945114.0,Available,2025-06-17T11:58:03Z,0,,5,5201.35,Dead
SYN-Layout_B-0017,Layout_B,2450.0,corner,True,9572515.0,Available,2025-09-26T11:58:03Z,1,2026-05-27T11:58:03Z,0,4325.72,Dead
SYN-Layout_A-0018,Layout_A,2800.0,corner,False,7226413.0,Available,2026-01-03T11:58:03Z,0,,7,4082.69,Dead
SYN-Layout_A-0019,Layout_A,2500.0,corner,True,8661840.0,Available,2025-05-22T11:58:03Z,1,2026-05-02T11:58:03Z,1,4082.69,Dead
SYN-Layout_C-0020,Layout_C,2150.0,corner,False,8659713.0,Available,2025-05-25T11:58:03Z,0,,5,5201.35,Dead
SYN-Layout_A-0021,Layout_A,1550.0,normal,False,4713951.0,Available,2025-06-04T11:58:03Z,1,2026-05-17T11:58:03Z,3,4082.69,Dead
SYN-Layout_A-0022,Layout_A,2200.0,corner,True,15265978.0,Available,2025-11-30T11:58:03Z,0,,2,4082.69,Dead
SYN-Layout_B-0023,Layout_B,2350.0,normal,True,9829147.0,Available,2025-06-28T11:58:03Z,0,,6,4325.72,Dead
SYN-Layout_B-0024,Layout_B,2250.0,normal,True,8411482.0,Available,2025-05-15T11:58:03Z,0,,0,4325.72,Dead
SYN-Layout_C-0025,Layout_C,2500.0,corner,True,7897810.0,Available,2025-12-21T11:58:03Z,1,2026-04-26T11:58:03Z,8,5201.35,Dead
SYN-Layout_A-0026,Layout_A,1350.0,corner,True,4083317.0,Available,2025-09-21T11:58:03Z,0,,1,4082.69,Dead
SYN-Layout_B-0027,Layout_B,2650.0,normal,False,13514018.0,Available,2025-09-08T11:58:03Z,1,2026-05-13T11:58:03Z,2,4325.72,Dead
SYN-Layout_C-0028,Layout_C,1750.0,corner,True,7470979.0,Available,2025-12-13T11:58:03Z,1,2026-04-19T11:58:03Z,8,5201.35,Dead
SYN-Layout_A-0029,Layout_A,2400.0,normal,False,7771430.0,Available,2025-07-25T11:58:03Z,0,,2,4082.69,Dead
SYN-Layout_B-0030,Layout_B,2500.0,corner,True,13062470.0,Available,2025-04-24T11:58:03Z,1,2026-04-16T11:58:03Z,4,4325.72,Dead
SYN-Layout_A-0031,Layout_A,1100.0,normal,True,6528438.0,Available,2025-09-02T11:58:03Z,0,,4,4082.69,Dead
SYN-Layout_C-0032,Layout_C,2350.0,corner,True,10049566.0,Available,2025-12-24T11:58:03Z,1,2026-05-11T11:58:03Z,5,5201.35,Dead
SYN-Layout_A-0033,Layout_A,2800.0,corner,True,9147791.0,Available,2025-06-07T11:58:03Z,0,,2,4082.69,Dead
SYN-Layout_C-0034,Layout_C,900.0,corner,False,5313877.0,Available,2025-11-05T11:58:03Z,0,,5,5201.35,Dead
SYN-Layout_A-0035,Layout_A,1900.0,corner,True,7168125.0,Available,2025-11-28T11:58:03Z,1,2026-04-19T11:58:03Z,2,4082.69,Dead
SYN-Layout_A-0036,Layout_A,2100.0,normal,True,5034659.0,Available,2025-08-02T11:58:03Z,0,,1,4082.69,Dead
SYN-Layout_B-0037,Layout_B,900.0,corner,True,5621642.0,Available,2025-10-09T11:58:03Z,1,2026-05-09T11:58:03Z,0,4325.72,Dead
SYN-Layout_C-0038,Layout_C,1400.0,normal,False,5676652.0,Available,2025-12-15T11:58:03Z,1,2026-04-17T11:58:03Z,0,5201.35,Dead
SYN-Layout_A-0039,Layout_A,1600.0,normal,False,5594727.0,Available,2025-09-06T11:58:03Z,0,,5,4082.69,Dead
SYN-Layout_B-0040,Layout_B,2700.0,normal,True,11117009.0,Available,2025-10-14T11:58:03Z,0,,8,4325.72,Dead
SYN-Layout_C-0041,Layout_C,1400.0,normal,False,5713222.0,Available,2025-08-03T11:58:03Z,0,,6,5201.35,Dead
SYN-Layout_B-0042,Layout_B,2050.0,normal,True,10629339.0,Available,2025-11-15T11:58:03Z,1,2026-04-16T11:58:03Z,4,4325.72,Dead
SYN-Layout_B-0043,Layout_B,2550.0,normal,False,12821044.0,Available,2025-08-26T11:58:03Z,1,2026-04-21T11:58:03Z,7,4325.72,Dead
SYN-Layout_B-0044,Layout_B,1450.0,normal,True,6921412.0,Available,2025-10-25T11:58:03Z,1,2026-04-26T11:58:03Z,3,4325.72,Dead
SYN-Layout_C-0045,Layout_C,1750.0,corner,False,7018162.0,Available,2025-11-05T11:58:03Z,0,,1,5201.35,Dead
SYN-Layout_B-0046,Layout_B,2100.0,corner,True,14182524.0,Available,2025-10-12T11:58:03Z,1,2026-05-03T11:58:03Z,0,4325.72,Dead
SYN-Layout_A-0047,Layout_A,2150.0,corner,True,6719878.0,Available,2025-04-29T11:58:03Z,0,,7,4082.69,Dead
SYN-Layout_A-0048,Layout_A,2250.0,normal,True,12511975.0,Available,2025-08-10T11:58:03Z,1,2026-04-23T11:58:03Z,7,4082.69,Dead
SYN-Layout_B-0049,Layout_B,1600.0,normal,False,8470224.0,Available,2025-08-31T11:58:03Z,0,,1,4325.72,Dead
SYN-Layout_C-0050,Layout_C,1700.0,corner,True,5638991.0,Available,2025-08-09T11:58:03Z,0,,6,5201.35,Dead
SYN-Layout_C-0051,Layout_C,1250.0,normal,False,6306986.0,Available,2025-06-21T11:58:03Z,1,2026-04-24T11:58:03Z,0,5201.35,Dead
SYN-Layout_A-0052,Layout_A,2100.0,normal,False,10422038.0,Available,2026-01-09T11:58:03Z,1,2026-05-28T11:58:03Z,6,4082.69,Dead
SYN-Layout_B-0053,Layout_B,2500.0,normal,False,15902425.0,Available,2025-09-29T11:58:03Z,0,,7,4325.72,Dead
SYN-Layout_A-0054,Layout_A,2000.0,corner,False,8663243.0,Available,2025-06-26T11:58:03Z,1,2026-05-20T11:58:03Z,0,4082.69,Dead
SYN-Layout_A-0055,Layout_A,2150.0,normal,True,7860491.0,Available,2025-10-18T11:58:03Z,1,2026-05-04T11:58:03Z,7,4082.69,Dead
SYN-Layout_B-0056,Layout_B,1850.0,normal,True,12489026.0,Available,2025-08-30T11:58:03Z,1,2026-05-23T11:58:03Z,8,4325.72,Dead
SYN-Layout_A-0057,Layout_A,1900.0,corner,True,7208936.0,Available,2025-12-30T11:58:03Z,0,,2,4082.69,Dead
SYN-Layout_A-0058,Layout_A,1200.0,corner,True,5954209.0,Available,2025-09-30T11:58:03Z,1,2026-05-05T11:58:03Z,2,4082.69,Dead
SYN-Layout_B-0059,Layout_B,1100.0,corner,True,4608474.0,Available,2025-08-13T11:58:03Z,1,2026-05-16T11:58:03Z,1,4325.72,Dead
SYN-Layout_C-0060,Layout_C,1750.0,normal,False,11763491.0,Available,2025-11-19T11:58:03Z,1,2026-04-24T11:58:03Z,1,5201.35,Dead
SYN-Layout_C-0061,Layout_C,1850.0,normal,True,5615225.0,Available,2025-05-14T11:58:03Z,1,2026-05-05T11:58:03Z,6,5201.35,Dead
SYN-Layout_A-0062,Layout_A,2450.0,normal,False,17554546.0,Available,2025-05-17T11:58:03Z,1,2026-04-21T11:58:03Z,3,4082.69,Dead
SYN-Layout_A-0063,Layout_A,1650.0,normal,False,10388879.0,Available,2025-05-27T11:58:03Z,1,2026-05-27T11:58:03Z,2,4082.69,Dead
SYN-Layout_B-0064,Layout_B,1450.0,corner,True,6701295.0,Available,2025-07-29T11:58:03Z,1,2026-04-23T11:58:03Z,1,4325.72,Dead
SYN-Layout_A-0065,Layout_A,2100.0,corner,True,10133317.0,Available,2025-09-18T11:58:03Z,1,2026-04-30T11:58:03Z,4,4082.69,Dead
SYN-Layout_A-0066,Layout_A,2050.0,normal,False,10356741.0,Available,2025-07-15T11:58:03Z,1,2026-05-01T11:58:03Z,7,4082.69,Dead
SYN-Layout_B-0067,Layout_B,1750.0,corner,True,5818886.0,Available,2025-10-13T11:58:03Z,0,,3,4325.72,Dead
SYN-Layout_C-0068,Layout_C,2300.0,corner,False,9521717.0,Available,2025-04-26T11:58:03Z,0,,3,5201.35,Dead
SYN-Layout_B-0069,Layout_B,1350.0,corner,False,4317914.0,Available,2025-11-16T11:58:03Z,0,,2,4325.72,Dead
SYN-Layout_C-0070,Layout_C,2350.0,normal,True,8228141.0,Available,2025-08-27T11:58:03Z,1,2026-04-30T11:58:03Z,0,5201.35,Dead
SYN-Layout_B-0071,Layout_B,2300.0,corner,True,8044565.0,Available,2025-06-28T11:58:03Z,0,,2,4325.72,Dead
SYN-Layout_C-0072,Layout_C,1750.0,normal,False,6217875.0,Available,2025-11-20T11:58:03Z,0,,7,5201.35,Dead
SYN-Layout_B-0073,Layout_B,2650.0,corner,False,10964320.0,Available,2025-12-20T11:58:03Z,0,,1,4325.72,Dead
SYN-Layout_A-0074,Layout_A,1550.0,normal,False,5329410.0,Available,2025-10-31T11:58:03Z,1,2026-04-30T11:58:03Z,0,4082.69,Dead
SYN-Layout_A-0075,Layout_A,1700.0,normal,True,8832956.0,Available,2025-06-01T11:58:03Z,0,,6,4082.69,Dead
SYN-Layout_A-0076,Layout_A,2500.0,corner,True,9482411.0,Available,2025-09-05T11:58:03Z,0,,4,4082.69,Dead
SYN-Layout_C-0077,Layout_C,2600.0,normal,False,15746202.0,Available,2025-11-17T11:58:03Z,1,2026-04-14T11:58:03Z,8,5201.35,Dead
SYN-Layout_C-0078,Layout_C,2350.0,normal,True,8899884.0,Available,2025-12-30T11:58:03Z,1,2026-04-20T11:58:03Z,1,5201.35,Dead
SYN-Layout_A-0079,Layout_A,2600.0,normal,False,15687002.0,Available,2025-09-04T11:58:03Z,0,,4,4082.69,Dead
SYN-Layout_A-0080,Layout_A,2650.0,normal,False,12535218.0,Available,2025-05-13T11:58:03Z,1,2026-05-06T11:58:03Z,5,4082.69,Dead
SYN-Layout_C-0081,Layout_C,1100.0,normal,True,6047653.0,Available,2026-02-06T11:58:03Z,9,2026-04-16T11:58:03Z,7,5201.35,Slow
SYN-Layout_A-0082,Layout_A,1800.0,corner,True,6227821.0,Available,2026-02-07T11:58:03Z,12,2026-05-02T11:58:03Z,8,4082.69,Slow
SYN-Layout_B-0083,Layout_B,2750.0,corner,False,16154946.0,Available,2026-02-02T11:58:03Z,8,2026-05-11T11:58:03Z,7,4325.72,Dead
SYN-Layout_C-0084,Layout_C,2350.0,corner,False,6067838.0,Available,2026-01-09T11:58:03Z,7,2026-05-09T11:58:03Z,1,5201.35,Dead
SYN-Layout_A-0085,Layout_A,1150.0,normal,False,6203719.0,Available,2026-01-07T11:58:03Z,12,2026-05-10T11:58:03Z,7,4082.69,Dead
SYN-Layout_B-0086,Layout_B,1550.0,normal,False,7251073.0,Available,2026-02-09T11:58:03Z,7,2026-05-24T11:58:03Z,5,4325.72,Slow
SYN-Layout_C-0087,Layout_C,1650.0,normal,False,8228571.0,Available,2026-02-20T11:58:03Z,7,2026-04-30T11:58:03Z,5,5201.35,Slow
SYN-Layout_C-0088,Layout_C,2500.0,normal,True,10437494.0,Available,2026-02-17T11:58:03Z,8,2026-04-22T11:58:03Z,6,5201.35,Slow
SYN-Layout_A-0089,Layout_A,1800.0,corner,True,10381513.0,Available,2026-02-10T11:58:03Z,7,2026-04-27T11:58:03Z,8,4082.69,Dead
SYN-Layout_C-0090,Layout_C,1850.0,corner,False,9982719.0,Available,2026-02-02T11:58:03Z,12,2026-05-28T11:58:03Z,2,5201.35,Slow
SYN-Layout_A-0091,Layout_A,2300.0,normal,False,16228851.0,Available,2026-02-15T11:58:03Z,6,2026-05-07T11:58:03Z,7,4082.69,Dead
SYN-Layout_C-0092,Layout_C,900.0,normal,True,3971057.0,Available,2026-01-09T11:58:03Z,8,2026-05-23T11:58:03Z,1,5201.35,Dead
SYN-Layout_B-0093,Layout_B,1300.0,normal,False,6734779.0,Available,2026-03-27T11:58:03Z,10,2026-05-25T11:58:03Z,5,4325.72,Dead
SYN-Layout_B-0094,Layout_B,1250.0,corner,False,4648291.0,Available,2026-01-17T11:58:03Z,7,2026-05-17T11:58:03Z,3,4325.72,Dead
SYN-Layout_B-0095,Layout_B,2650.0,corner,False,7710741.0,Available,2026-01-08T11:58:03Z,12,2026-05-12T11:58:03Z,4,4325.72,Dead
SYN-Layout_C-0096,Layout_C,2500.0,normal,False,6919818.0,Available,2026-02-14T11:58:03Z,11,2026-04-14T11:58:03Z,4,5201.35,Slow
SYN-Layout_A-0097,Layout_A,2000.0,normal,False,12508966.0,Available,2026-02-28T11:58:03Z,10,2026-04-22T11:58:03Z,0,4082.69,Dead
SYN-Layout_C-0098,Layout_C,2050.0,corner,False,6338885.0,Available,2026-01-02T11:58:03Z,12,2026-05-10T11:58:03Z,3,5201.35,Dead
SYN-Layout_C-0099,Layout_C,1400.0,corner,False,6708960.0,Available,2026-01-05T11:58:03Z,6,2026-04-18T11:58:03Z,7,5201.35,Dead
SYN-Layout_A-0100,Layout_A,2650.0,corner,True,12097033.0,Available,2026-03-19T11:58:03Z,10,2026-05-02T11:58:03Z,2,4082.69,Dead
SYN-Layout_C-0101,Layout_C,1950.0,normal,False,9576558.0,Available,2026-02-24T11:58:03Z,9,2026-04-28T11:58:03Z,1,5201.35,Slow
SYN-Layout_B-0102,Layout_B,1000.0,normal,True,3542508.0,Available,2026-03-02T11:58:03Z,10,2026-05-23T11:58:03Z,4,4325.72,Slow
SYN-Layout_C-0103,Layout_C,1150.0,normal,True,5003429.0,Available,2026-01-03T11:58:03Z,11,2026-04-18T11:58:03Z,3,5201.35,Dead
SYN-Layout_B-0104,Layout_B,850.0,corner,False,5153555.0,Available,2026-01-18T11:58:03Z,8,2026-04-17T11:58:03Z,4,4325.72,Dead
SYN-Layout_C-0105,Layout_C,2100.0,corner,True,5663483.0,Available,2026-03-26T11:58:03Z,12,2026-05-21T11:58:03Z,8,5201.35,Slow
SYN-Layout_A-0106,Layout_A,2000.0,corner,False,8702095.0,Available,2025-12-31T11:58:03Z,7,2026-05-02T11:58:03Z,6,4082.69,Dead
SYN-Layout_B-0107,Layout_B,900.0,corner,False,4785728.0,Available,2026-02-02T11:58:03Z,8,2026-05-05T11:58:03Z,8,4325.72,Dead
SYN-Layout_C-0108,Layout_C,1900.0,corner,True,5269527.0,Available,2026-03-06T11:58:03Z,12,2026-05-23T11:58:03Z,0,5201.35,Slow
SYN-Layout_B-0109,Layout_B,1550.0,corner,True,5443361.0,Available,2026-03-04T11:58:03Z,8,2026-04-21T11:58:03Z,5,4325.72,Slow
SYN-Layout_A-0110,Layout_A,2700.0,corner,True,6514681.0,Available,2026-03-12T11:58:03Z,9,2026-05-17T11:58:03Z,2,4082.69,Slow
SYN-Layout_A-0111,Layout_A,1900.0,normal,True,12698483.0,Available,2026-01-14T11:58:03Z,5,2026-05-17T11:58:03Z,2,4082.69,Dead
SYN-Layout_C-0112,Layout_C,2100.0,corner,False,8751686.0,Available,2026-03-22T11:58:03Z,12,2026-05-05T11:58:03Z,8,5201.35,Slow
SYN-Layout_A-0113,Layout_A,2750.0,corner,True,8399000.0,Available,2026-01-05T11:58:03Z,12,2026-04-17T11:58:03Z,7,4082.69,Dead
SYN-Layout_B-0114,Layout_B,2150.0,corner,True,10197043.0,Available,2026-02-02T11:58:03Z,6,2026-05-08T11:58:03Z,2,4325.72,Slow
SYN-Layout_B-0115,Layout_B,2750.0,normal,True,15184276.0,Available,2026-02-17T11:58:03Z,9,2026-04-29T11:58:03Z,1,4325.72,Dead
SYN-Layout_C-0116,Layout_C,2550.0,normal,False,16630247.0,Available,2026-02-03T11:58:03Z,8,2026-05-02T11:58:03Z,6,5201.35,Dead
SYN-Layout_B-0117,Layout_B,1100.0,normal,True,4244094.0,Available,2026-01-04T11:58:03Z,10,2026-05-19T11:58:03Z,1,4325.72,Dead
SYN-Layout_A-0118,Layout_A,1050.0,normal,True,3982288.0,Available,2026-02-11T11:58:03Z,5,2026-04-21T11:58:03Z,6,4082.69,Slow
SYN-Layout_B-0119,Layout_B,2150.0,corner,True,15834585.0,Available,2026-03-24T11:58:03Z,9,2026-05-06T11:58:03Z,2,4325.72,Dead
SYN-Layout_C-0120,Layout_C,2300.0,corner,False,9346497.0,Available,2026-02-14T11:58:03Z,6,2026-05-11T11:58:03Z,8,5201.35,Slow
SYN-Layout_C-0121,Layout_C,2750.0,normal,False,16026085.0,Available,2026-03-27T11:58:03Z,5,2026-05-17T11:58:03Z,5,5201.35,Dead
SYN-Layout_B-0122,Layout_B,800.0,corner,True,3107949.0,Available,2026-01-17T11:58:03Z,6,2026-05-19T11:58:03Z,8,4325.72,Dead
SYN-Layout_A-0123,Layout_A,2000.0,corner,True,8703445.0,Available,2026-03-10T11:58:03Z,9,2026-05-08T11:58:03Z,2,4082.69,Slow
SYN-Layout_A-0124,Layout_A,2750.0,normal,False,8322174.0,Available,2026-02-24T11:58:03Z,11,2026-04-27T11:58:03Z,4,4082.69,Slow
SYN-Layout_A-0125,Layout_A,2400.0,normal,True,7033471.0,Available,2026-03-16T11:58:03Z,12,2026-04-25T11:58:03Z,3,4082.69,Slow
SYN-Layout_B-0126,Layout_B,2700.0,normal,False,6274195.0,Available,2026-02-20T11:58:03Z,7,2026-05-12T11:58:03Z,1,4325.72,Slow
SYN-Layout_A-0127,Layout_A,2350.0,normal,True,13354473.0,Available,2026-03-14T11:58:03Z,8,2026-04-26T11:58:03Z,6,4082.69,Dead
SYN-Layout_C-0128,Layout_C,900.0,normal,False,3307707.0,Available,2026-03-21T11:58:03Z,11,2026-04-22T11:58:03Z,4,5201.35,Slow
SYN-Layout_A-0129,Layout_A,2050.0,normal,True,6552416.0,Available,2026-03-09T11:58:03Z,10,2026-05-23T11:58:03Z,3,4082.69,Slow
SYN-Layout_B-0130,Layout_B,2650.0,normal,True,11624707.0,Available,2026-02-08T11:58:03Z,10,2026-05-14T11:58:03Z,1,4325.72,Slow
SYN-Layout_C-0131,Layout_C,2800.0,corner,True,8824681.0,Available,2026-03-06T11:58:03Z,10,2026-04-17T11:58:03Z,1,5201.35,Slow
SYN-Layout_A-0132,Layout_A,1600.0,normal,False,4866198.0,Available,2026-03-11T11:58:03Z,7,2026-04-18T11:58:03Z,7,4082.69,Slow
SYN-Layout_C-0133,Layout_C,2600.0,normal,True,14735356.0,Available,2026-01-10T11:58:03Z,10,2026-05-19T11:58:03Z,7,5201.35,Dead
SYN-Layout_B-0134,Layout_B,2800.0,corner,False,12236866.0,Available,2026-01-14T11:58:03Z,10,2026-04-26T11:58:03Z,7,4325.72,Dead
SYN-Layout_B-0135,Layout_B,900.0,normal,False,2453539.0,Available,2026-02-22T11:58:03Z,6,2026-04-19T11:58:03Z,8,4325.72,Slow
SYN-Layout_C-0136,Layout_C,900.0,normal,True,4742584.0,Available,2026-01-16T11:58:03Z,10,2026-04-20T11:58:03Z,0,5201.35,Dead
SYN-Layout_B-0137,Layout_B,1100.0,corner,False,7745515.0,Available,2026-02-15T11:58:03Z,7,2026-05-26T11:58:03Z,7,4325.72,Dead
SYN-Layout_C-0138,Layout_C,2450.0,normal,True,11183642.0,Available,2026-02-11T11:58:03Z,11,2026-05-02T11:58:03Z,5,5201.35,Slow
SYN-Layout_A-0139,Layout_A,1850.0,corner,False,5731829.0,Available,2026-02-09T11:58:03Z,9,2026-04-16T11:58:03Z,1,4082.69,Slow
SYN-Layout_C-0140,Layout_C,1250.0,corner,False,7738765.0,Available,2026-01-06T11:58:03Z,7,2026-04-20T11:58:03Z,8,5201.35,Dead
SYN-Layout_B-0141,Layout_B,1850.0,normal,False,9719003.0,Available,2026-02-09T11:58:03Z,3,2026-04-16T11:58:03Z,0,4325.72,Slow
SYN-Layout_B-0142,Layout_B,1750.0,corner,True,6972445.0,Available,2026-03-04T11:58:03Z,1,2026-05-14T11:58:03Z,1,4325.72,Slow
SYN-Layout_B-0143,Layout_B,1100.0,corner,False,5834493.0,Available,2026-02-20T11:58:03Z,3,2026-05-07T11:58:03Z,2,4325.72,Slow
SYN-Layout_A-0144,Layout_A,1350.0,corner,False,8985264.0,Available,2026-02-14T11:58:03Z,3,2026-04-30T11:58:03Z,5,4082.69,Slow
SYN-Layout_C-0145,Layout_C,1550.0,corner,False,10307677.0,Available,2026-03-07T11:58:03Z,1,2026-04-24T11:58:03Z,7,5201.35,Slow
SYN-Layout_A-0146,Layout_A,1950.0,normal,True,12647468.0,Available,2026-02-25T11:58:03Z,2,2026-05-04T11:58:03Z,3,4082.69,Slow
SYN-Layout_C-0147,Layout_C,1200.0,corner,True,6925509.0,Available,2026-02-12T11:58:03Z,2,2026-04-23T11:58:03Z,4,5201.35,Slow
SYN-Layout_A-0148,Layout_A,1300.0,corner,False,4841883.0,Available,2026-02-21T11:58:03Z,2,2026-05-23T11:58:03Z,5,4082.69,Slow
SYN-Layout_A-0149,Layout_A,2100.0,normal,True,5756782.0,Available,2026-03-02T11:58:03Z,2,2026-05-23T11:58:03Z,0,4082.69,Slow
SYN-Layout_B-0150,Layout_B,1100.0,normal,False,7418103.0,Available,2026-03-04T11:58:03Z,1,2026-05-26T11:58:03Z,2,4325.72,Slow
SYN-Layout_C-0151,Layout_C,2300.0,corner,False,10934099.0,Available,2026-03-20T11:58:03Z,2,2026-05-15T11:58:03Z,1,5201.35,Slow
SYN-Layout_B-0152,Layout_B,1550.0,normal,True,5200241.0,Available,2026-03-10T11:58:03Z,3,2026-04-19T11:58:03Z,1,4325.72,Slow
SYN-Layout_B-0153,Layout_B,2700.0,normal,False,10858362.0,Available,2026-02-21T11:58:03Z,3,2026-05-19T11:58:03Z,0,4325.72,Slow
SYN-Layout_C-0154,Layout_C,1900.0,corner,True,7139735.0,Available,2026-03-14T11:58:03Z,3,2026-05-05T11:58:03Z,6,5201.35,Slow
SYN-Layout_B-0155,Layout_B,900.0,normal,True,4614527.0,Available,2026-03-02T11:58:03Z,3,2026-05-27T11:58:03Z,5,4325.72,Slow
SYN-Layout_A-0156,Layout_A,2800.0,normal,True,9485694.0,Available,2026-03-04T11:58:03Z,1,2026-05-06T11:58:03Z,7,4082.69,Slow
SYN-Layout_C-0157,Layout_C,2300.0,corner,False,10798153.0,Available,2026-03-17T11:58:03Z,3,2026-04-29T11:58:03Z,3,5201.35,Slow
SYN-Layout_A-0158,Layout_A,1400.0,normal,True,7436128.0,Available,2026-03-06T11:58:03Z,3,2026-04-28T11:58:03Z,3,4082.69,Slow
SYN-Layout_B-0159,Layout_B,1900.0,normal,False,13319099.0,Available,2026-02-12T11:58:03Z,2,2026-05-21T11:58:03Z,6,4325.72,Slow
SYN-Layout_C-0160,Layout_C,2200.0,normal,False,16714927.0,Available,2026-03-04T11:58:03Z,2,2026-04-14T11:58:03Z,8,5201.35,Slow
SYN-Layout_B-0161,Layout_B,1050.0,normal,True,5865787.0,Available,2026-02-26T11:58:03Z,3,2026-05-10T11:58:03Z,1,4325.72,Slow
SYN-Layout_B-0162,Layout_B,1700.0,normal,False,6564576.0,Available,2026-02-08T11:58:03Z,1,2026-04-14T11:58:03Z,7,4325.72,Slow
SYN-Layout_A-0163,Layout_A,1900.0,normal,False,11910697.0,Available,2026-03-08T11:58:03Z,1,2026-04-16T11:58:03Z,8,4082.69,Slow
SYN-Layout_C-0164,Layout_C,1300.0,corner,True,7177878.0,Available,2026-02-15T11:58:03Z,1,2026-05-20T11:58:03Z,5,5201.35,Slow
SYN-Layout_B-0165,Layout_B,2000.0,normal,False,13760601.0,Available,2026-02-15T11:58:03Z,3,2026-04-30T11:58:03Z,7,4325.72,Slow
SYN-Layout_A-0166,Layout_A,2600.0,corner,True,8455835.0,Available,2026-02-28T11:58:03Z,3,2026-05-11T11:58:03Z,0,4082.69,Slow
SYN-Layout_C-0167,Layout_C,1350.0,normal,True,6484663.0,Available,2026-02-18T11:58:03Z,2,2026-05-12T11:58:03Z,4,5201.35,Slow
SYN-Layout_C-0168,Layout_C,2350.0,corner,False,7012314.0,Available,2026-03-21T11:58:03Z,1,2026-04-30T11:58:03Z,5,5201.35,Slow
SYN-Layout_C-0169,Layout_C,1000.0,corner,False,5069759.0,Available,2026-03-06T11:58:03Z,3,2026-04-14T11:58:03Z,8,5201.35,Slow
SYN-Layout_A-0170,Layout_A,1150.0,normal,False,4458968.0,Available,2026-03-10T11:58:03Z,1,2026-05-05T11:58:03Z,8,4082.69,Slow
SYN-Layout_A-0171,Layout_A,2750.0,normal,False,14888335.0,Available,2026-03-06T11:58:03Z,3,2026-04-28T11:58:03Z,1,4082.69,Slow
SYN-Layout_A-0172,Layout_A,1800.0,corner,True,8124419.0,Available,2026-02-24T11:58:03Z,1,2026-04-23T11:58:03Z,6,4082.69,Slow
SYN-Layout_C-0173,Layout_C,950.0,normal,True,5046893.0,Available,2026-03-16T11:58:03Z,1,2026-05-18T11:58:03Z,5,5201.35,Slow
SYN-Layout_C-0174,Layout_C,1700.0,normal,True,8937798.0,Available,2026-03-13T11:58:03Z,1,2026-04-18T11:58:03Z,8,5201.35,Slow
SYN-Layout_C-0175,Layout_C,1300.0,normal,True,7851986.0,Available,2026-03-16T11:58:03Z,3,2026-04-19T11:58:03Z,0,5201.35,Slow
SYN-Layout_A-0176,Layout_A,900.0,normal,True,6358971.0,Available,2026-02-17T11:58:03Z,3,2026-05-15T11:58:03Z,7,4082.69,Slow
SYN-Layout_C-0177,Layout_C,2500.0,normal,False,10198820.0,Available,2026-03-06T11:58:03Z,1,2026-04-15T11:58:03Z,7,5201.35,Slow
SYN-Layout_A-0178,Layout_A,950.0,corner,False,3066909.0,Available,2026-02-23T11:58:03Z,1,2026-05-07T11:58:03Z,5,4082.69,Slow
SYN-Layout_C-0179,Layout_C,1900.0,normal,True,12457570.0,Available,2026-03-02T11:58:03Z,2,2026-05-13T11:58:03Z,4,5201.35,Slow
SYN-Layout_B-0180,Layout_B,1550.0,corner,True,4238639.0,Available,2026-03-07T11:58:03Z,3,2026-05-02T11:58:03Z,5,4325.72,Slow
SYN-Layout_C-0181,Layout_C,1800.0,normal,True,6814349.0,Available,2026-02-22T11:58:03Z,2,2026-05-09T11:58:03Z,1,5201.35,Slow
SYN-Layout_B-0182,Layout_B,2400.0,normal,False,12976180.0,Available,2026-03-12T11:58:03Z,1,2026-05-25T11:58:03Z,7,4325.72,Slow
SYN-Layout_B-0183,Layout_B,2500.0,normal,False,7528513.0,Available,2026-02-26T11:58:03Z,2,2026-05-05T11:58:03Z,0,4325.72,Slow
SYN-Layout_B-0184,Layout_B,950.0,normal,False,4936489.0,Available,2026-03-02T11:58:03Z,1,2026-05-04T11:58:03Z,1,4325.72,Slow
SYN-Layout_A-0185,Layout_A,1100.0,normal,True,4521039.0,Available,2026-03-04T11:58:03Z,1,2026-05-16T11:58:03Z,0,4082.69,Slow
SYN-Layout_A-0186,Layout_A,1200.0,corner,False,6397198.0,Available,2026-02-23T11:58:03Z,1,2026-04-20T11:58:03Z,5,4082.69,Slow
SYN-Layout_A-0187,Layout_A,2050.0,normal,False,11802428.0,Available,2026-03-06T11:58:03Z,3,2026-04-26T11:58:03Z,7,4082.69,Slow
SYN-Layout_A-0188,Layout_A,1950.0,corner,False,8417914.0,Available,2026-02-27T11:58:03Z,3,2026-04-14T11:58:03Z,4,4082.69,Slow
SYN-Layout_C-0189,Layout_C,2650.0,normal,True,12131830.0,Available,2026-03-22T11:58:03Z,1,2026-04-25T11:58:03Z,3,5201.35,Slow
SYN-Layout_A-0190,Layout_A,2600.0,normal,True,18756712.0,Available,2026-03-13T11:58:03Z,2,2026-05-08T11:58:03Z,6,4082.69,Slow
SYN-Layout_C-0191,Layout_C,1450.0,corner,True,6368461.0,Available,2026-02-14T11:58:03Z,3,2026-05-25T11:58:03Z,8,5201.35,Slow
SYN-Layout_B-0192,Layout_B,2300.0,normal,False,10707410.0,Available,2026-03-14T11:58:03Z,3,2026-05-07T11:58:03Z,7,4325.72,Slow
SYN-Layout_A-0193,Layout_A,1550.0,normal,False,6058517.0,Available,2026-03-11T11:58:03Z,2,2026-05-15T11:58:03Z,7,4082.69,Slow
SYN-Layout_B-0194,Layout_B,2550.0,normal,False,19735149.0,Available,2026-03-08T11:58:03Z,1,2026-04-22T11:58:03Z,5,4325.72,Slow
SYN-Layout_A-0195,Layout_A,1700.0,normal,False,4383653.0,Available,2026-02-08T11:58:03Z,2,2026-04-30T11:58:03Z,3,4082.69,Slow
SYN-Layout_A-0196,Layout_A,2500.0,corner,True,11039466.0,Available,2026-02-09T11:58:03Z,1,2026-05-22T11:58:03Z,0,4082.69,Slow
SYN-Layout_C-0197,Layout_C,2450.0,normal,True,9271116.0,Available,2026-03-22T11:58:03Z,2,2026-05-07T11:58:03Z,2,5201.35,Slow
SYN-Layout_A-0198,Layout_A,2550.0,corner,False,14681822.0,Available,2026-02-12T11:58:03Z,2,2026-04-17T11:58:03Z,5,4082.69,Slow
SYN-Layout_B-0199,Layout_B,950.0,corner,False,6837409.0,Available,2026-02-12T11:58:03Z,3,2026-05-26T11:58:03Z,2,4325.72,Slow
SYN-Layout_A-0200,Layout_A,2050.0,corner,False,12305690.0,Available,2026-03-07T11:58:03Z,1,2026-05-09T11:58:03Z,4,4082.69,Slow
SYN-Layout_B-0201,Layout_B,2500.0,corner,False,12170086.0,Available,2026-03-17T11:58:03Z,2,2026-05-16T11:58:03Z,2,4325.72,Slow
SYN-Layout_C-0202,Layout_C,2250.0,normal,True,11052518.0,Available,2026-03-14T11:58:03Z,3,2026-05-07T11:58:03Z,2,5201.35,Slow
SYN-Layout_C-0203,Layout_C,2800.0,corner,True,17498037.0,Available,2026-02-26T11:58:03Z,1,2026-05-03T11:58:03Z,2,5201.35,Slow
SYN-Layout_B-0204,Layout_B,1800.0,normal,False,10820525.0,Available,2026-03-09T11:58:03Z,1,2026-04-30T11:58:03Z,4,4325.72,Slow
SYN-Layout_C-0205,Layout_C,2600.0,corner,False,6319211.0,Available,2026-03-02T11:58:03Z,1,2026-04-16T11:58:03Z,4,5201.35,Slow
SYN-Layout_A-0206,Layout_A,2050.0,normal,False,11440750.0,Available,2026-02-08T11:58:03Z,3,2026-05-21T11:58:03Z,3,4082.69,Slow
SYN-Layout_A-0207,Layout_A,1200.0,normal,True,4874953.0,Available,2026-02-15T11:58:03Z,2,2026-04-14T11:58:03Z,3,4082.69,Slow
SYN-Layout_C-0208,Layout_C,2700.0,corner,True,19111209.0,Available,2026-02-20T11:58:03Z,3,2026-05-05T11:58:03Z,0,5201.35,Slow
SYN-Layout_C-0209,Layout_C,2400.0,normal,True,8618833.0,Available,2026-03-16T11:58:03Z,2,2026-04-25T11:58:03Z,3,5201.35,Slow
SYN-Layout_C-0210,Layout_C,2650.0,corner,False,10574739.0,Available,2026-02-21T11:58:03Z,1,2026-04-29T11:58:03Z,7,5201.35,Slow
SYN-Layout_C-0211,Layout_C,950.0,corner,True,4707580.0,Available,2026-03-06T11:58:03Z,2,2026-05-12T11:58:03Z,1,5201.35,Slow
SYN-Layout_A-0212,Layout_A,2150.0,corner,False,9503069.0,Available,2026-02-19T11:58:03Z,1,2026-04-28T11:58:03Z,6,4082.69,Slow
SYN-Layout_A-0213,Layout_A,1200.0,normal,False,7484225.0,Available,2026-02-12T11:58:03Z,2,2026-05-04T11:58:03Z,6,4082.69,Slow
SYN-Layout_A-0214,Layout_A,2500.0,normal,True,8457858.0,Available,2026-03-03T11:58:03Z,1,2026-04-24T11:58:03Z,3,4082.69,Slow
SYN-Layout_A-0215,Layout_A,850.0,corner,True,3275067.0,Available,2026-02-19T11:58:03Z,3,2026-05-04T11:58:03Z,7,4082.69,Slow
SYN-Layout_B-0216,Layout_B,1250.0,corner,True,4197810.0,Available,2026-03-18T11:58:03Z,3,2026-05-02T11:58:03Z,3,4325.72,Slow
SYN-Layout_A-0217,Layout_A,1100.0,normal,False,4684283.0,Available,2026-02-15T11:58:03Z,1,2026-05-26T11:58:03Z,3,4082.69,Slow
SYN-Layout_C-0218,Layout_C,1450.0,corner,False,9688328.0,Available,2026-03-22T11:58:03Z,3,2026-05-10T11:58:03Z,5,5201.35,Slow
SYN-Layout_A-0219,Layout_A,1750.0,normal,True,9668006.0,Available,2026-02-11T11:58:03Z,2,2026-05-09T11:58:03Z,8,4082.69,Slow
SYN-Layout_C-0220,Layout_C,1350.0,normal,False,7667023.0,Available,2026-02-18T11:58:03Z,1,2026-05-06T11:58:03Z,6,5201.35,Slow
SYN-Layout_B-0221,Layout_B,1250.0,normal,True,4662722.0,Available,2026-02-19T11:58:03Z,1,2026-05-14T11:58:03Z,7,4325.72,Slow
SYN-Layout_A-0222,Layout_A,2550.0,normal,True,13217950.0,Available,2026-02-18T11:58:03Z,2,2026-05-13T11:58:03Z,5,4082.69,Slow
SYN-Layout_C-0223,Layout_C,1050.0,corner,False,6788014.0,Available,2026-03-02T11:58:03Z,3,2026-05-16T11:58:03Z,6,5201.35,Slow
SYN-Layout_C-0224,Layout_C,2700.0,corner,False,11616088.0,Available,2026-03-21T11:58:03Z,3,2026-04-16T11:58:03Z,3,5201.35,Slow
SYN-Layout_B-0225,Layout_B,1750.0,normal,True,13632646.0,Available,2026-03-12T11:58:03Z,3,2026-05-21T11:58:03Z,3,4325.72,Slow
SYN-Layout_B-0226,Layout_B,1550.0,normal,False,7221967.0,Available,2026-03-07T11:58:03Z,2,2026-04-24T11:58:03Z,4,4325.72,Slow
SYN-Layout_B-0227,Layout_B,2400.0,normal,False,15393817.0,Available,2026-03-19T11:58:03Z,2,2026-05-15T11:58:03Z,6,4325.72,Slow
SYN-Layout_A-0228,Layout_A,2600.0,normal,False,14735915.0,Available,2026-03-16T11:58:03Z,2,2026-04-23T11:58:03Z,2,4082.69,Slow
SYN-Layout_A-0229,Layout_A,1850.0,normal,False,6380027.0,Available,2026-03-10T11:58:03Z,3,2026-04-17T11:58:03Z,7,4082.69,Slow
SYN-Layout_C-0230,Layout_C,2350.0,normal,True,9456791.0,Available,2026-03-03T11:58:03Z,1,2026-04-24T11:58:03Z,8,5201.35,Slow
SYN-Layout_C-0231,Layout_C,950.0,corner,True,3811360.0,Available,2026-03-21T11:58:03Z,1,2026-05-02T11:58:03Z,1,5201.35,Slow
SYN-Layout_C-0232,Layout_C,1250.0,normal,False,2973008.0,Available,2026-02-24T11:58:03Z,1,2026-04-19T11:58:03Z,0,5201.35,Slow
SYN-Layout_A-0233,Layout_A,2500.0,corner,False,12070435.0,Available,2026-03-24T11:58:03Z,3,2026-05-10T11:58:03Z,2,4082.69,Slow
SYN-Layout_A-0234,Layout_A,1100.0,normal,True,4649393.0,Available,2026-03-13T11:58:03Z,2,2026-05-11T11:58:03Z,5,4082.69,Slow
SYN-Layout_B-0235,Layout_B,2250.0,corner,True,10260498.0,Available,2026-02-09T11:58:03Z,2,2026-04-15T11:58:03Z,1,4325.72,Slow
SYN-Layout_B-0236,Layout_B,2000.0,corner,False,8662900.0,Available,2026-03-22T11:58:03Z,3,2026-05-18T11:58:03Z,6,4325.72,Slow
SYN-Layout_C-0237,Layout_C,1850.0,normal,False,11058501.0,Available,2026-03-19T11:58:03Z,1,2026-05-15T11:58:03Z,0,5201.35,Slow
SYN-Layout_A-0238,Layout_A,1650.0,corner,True,10887646.0,Available,2026-02-11T11:58:03Z,1,2026-05-08T11:58:03Z,2,4082.69,Slow
SYN-Layout_C-0239,Layout_C,2050.0,normal,False,11382431.0,Available,2026-03-15T11:58:03Z,3,2026-05-04T11:58:03Z,2,5201.35,Slow
SYN-Layout_C-0240,Layout_C,1050.0,corner,True,5486648.0,Available,2026-03-03T11:58:03Z,1,2026-05-01T11:58:03Z,5,5201.35,Slow
SYN-Layout_C-0241,Layout_C,2750.0,normal,False,19186004.0,Available,2026-03-05T11:58:03Z,3,2026-05-11T11:58:03Z,3,5201.35,Slow
SYN-Layout_B-0242,Layout_B,2550.0,normal,True,16205467.0,Available,2026-03-14T11:58:03Z,1,2026-04-19T11:58:03Z,1,4325.72,Slow
SYN-Layout_A-0243,Layout_A,1650.0,normal,False,5176482.0,Available,2026-02-13T11:58:03Z,3,2026-05-04T11:58:03Z,1,4082.69,Slow
SYN-Layout_A-0244,Layout_A,800.0,corner,True,4953743.0,Available,2026-03-02T11:58:03Z,1,2026-05-20T11:58:03Z,6,4082.69,Slow
SYN-Layout_B-0245,Layout_B,2550.0,corner,False,12837585.0,Available,2026-03-19T11:58:03Z,1,2026-05-06T11:58:03Z,6,4325.72,Slow
SYN-Layout_A-0246,Layout_A,1700.0,corner,False,7166303.0,Available,2026-03-20T11:58:03Z,3,2026-04-25T11:58:03Z,2,4082.69,Slow
SYN-Layout_A-0247,Layout_A,1650.0,normal,False,5896828.0,Available,2026-03-16T11:58:03Z,1,2026-05-01T11:58:03Z,4,4082.69,Slow
SYN-Layout_B-0248,Layout_B,1000.0,corner,False,3782755.0,Available,2026-03-10T11:58:03Z,3,2026-04-19T11:58:03Z,1,4325.72,Slow
SYN-Layout_A-0249,Layout_A,1750.0,normal,False,5437286.0,Available,2026-03-04T11:58:03Z,2,2026-04-30T11:58:03Z,2,4082.69,Slow
SYN-Layout_B-0250,Layout_B,1800.0,normal,False,10993843.0,Available,2026-03-13T11:58:03Z,2,2026-05-17T11:58:03Z,4,4325.72,Slow
SYN-Layout_C-0251,Layout_C,2800.0,normal,False,15625629.0,Available,2026-03-10T11:58:03Z,2,2026-05-11T11:58:03Z,1,5201.35,Slow
SYN-Layout_C-0252,Layout_C,1400.0,corner,False,8611207.0,Available,2026-03-14T11:58:03Z,3,2026-04-29T11:58:03Z,4,5201.35,Slow
SYN-Layout_C-0253,Layout_C,1000.0,normal,True,6961080.0,Available,2026-02-27T11:58:03Z,1,2026-04-18T11:58:03Z,4,5201.35,Slow
SYN-Layout_C-0254,Layout_C,1250.0,normal,False,6916893.0,Available,2026-03-01T11:58:03Z,2,2026-04-20T11:58:03Z,8,5201.35,Slow
SYN-Layout_C-0255,Layout_C,2100.0,normal,True,8581862.0,Available,2026-03-02T11:58:03Z,1,2026-05-13T11:58:03Z,0,5201.35,Slow
SYN-Layout_C-0256,Layout_C,2050.0,normal,True,15243661.0,Available,2026-02-26T11:58:03Z,1,2026-05-22T11:58:03Z,8,5201.35,Slow
SYN-Layout_C-0257,Layout_C,2450.0,normal,False,12686987.0,Available,2026-02-17T11:58:03Z,2,2026-05-05T11:58:03Z,8,5201.35,Slow
SYN-Layout_A-0258,Layout_A,1900.0,corner,False,5152956.0,Available,2026-03-07T11:58:03Z,1,2026-05-21T11:58:03Z,4,4082.69,Slow
SYN-Layout_B-0259,Layout_B,2250.0,normal,False,11987664.0,Available,2026-02-23T11:58:03Z,2,2026-05-22T11:58:03Z,5,4325.72,Slow
SYN-Layout_A-0260,Layout_A,1750.0,corner,True,5512573.0,Available,2026-03-18T11:58:03Z,2,2026-04-17T11:58:03Z,3,4082.69,Slow
SYN-Layout_C-0261,Layout_C,1350.0,normal,True,5873713.0,Available,2026-04-19T11:58:03Z,5,2026-05-14T11:58:03Z,2,5201.35,Active
SYN-Layout_C-0262,Layout_C,2150.0,normal,False,7632734.0,Available,2026-04-15T11:58:03Z,5,2026-04-21T11:58:03Z,0,5201.35,Slow
SYN-Layout_C-0263,Layout_C,1450.0,normal,False,4658547.0,Available,2026-05-20T11:58:03Z,8,2026-05-26T11:58:03Z,3,5201.35,Active
SYN-Layout_B-0264,Layout_B,1150.0,normal,True,4596245.0,Available,2026-04-23T11:58:03Z,6,2026-05-04T11:58:03Z,5,4325.72,Active
SYN-Layout_B-0265,Layout_B,2250.0,normal,True,10396772.0,Available,2026-05-05T11:58:03Z,7,2026-05-24T11:58:03Z,3,4325.72,Active
SYN-Layout_B-0266,Layout_B,1150.0,corner,False,3733818.0,Available,2026-05-15T11:58:03Z,5,2026-05-19T11:58:03Z,6,4325.72,Active
SYN-Layout_A-0267,Layout_A,2350.0,corner,True,12770954.0,Available,2026-05-13T11:58:03Z,5,2026-05-24T11:58:03Z,5,4082.69,Slow
SYN-Layout_B-0268,Layout_B,2750.0,normal,False,8944353.0,Available,2026-05-24T11:58:03Z,3,2026-05-27T11:58:03Z,6,4325.72,Active
SYN-Layout_C-0269,Layout_C,2350.0,corner,True,11198472.0,Available,2026-04-26T11:58:03Z,3,2026-05-23T11:58:03Z,4,5201.35,Active
SYN-Layout_A-0270,Layout_A,1650.0,normal,True,6010040.0,Available,2026-05-14T11:58:03Z,6,2026-05-17T11:58:03Z,1,4082.69,Active
SYN-Layout_B-0271,Layout_B,2500.0,corner,False,18296527.0,Available,2026-04-20T11:58:03Z,8,2026-04-30T11:58:03Z,1,4325.72,Slow
SYN-Layout_C-0272,Layout_C,1550.0,corner,False,6916902.0,Available,2026-05-22T11:58:03Z,4,2026-05-26T11:58:03Z,1,5201.35,Active
SYN-Layout_A-0273,Layout_A,1450.0,corner,True,9663036.0,Available,2026-05-02T11:58:03Z,3,2026-05-09T11:58:03Z,3,4082.69,Slow
SYN-Layout_A-0274,Layout_A,2600.0,normal,False,10877420.0,Available,2026-04-16T11:58:03Z,4,2026-05-10T11:58:03Z,8,4082.69,Active
SYN-Layout_C-0275,Layout_C,1100.0,corner,True,4150583.0,Available,2026-04-28T11:58:03Z,4,2026-05-01T11:58:03Z,3,5201.35,Active
SYN-Layout_A-0276,Layout_A,1800.0,normal,False,10066655.0,Available,2026-04-29T11:58:03Z,3,2026-05-10T11:58:03Z,6,4082.69,Slow
SYN-Layout_B-0277,Layout_B,1000.0,normal,False,5950142.0,Available,2026-05-19T11:58:03Z,6,2026-05-24T11:58:03Z,7,4325.72,Slow
SYN-Layout_B-0278,Layout_B,2650.0,corner,False,7965591.0,Available,2026-05-19T11:58:03Z,7,2026-05-23T11:58:03Z,3,4325.72,Active
SYN-Layout_B-0279,Layout_B,1450.0,corner,False,6283226.0,Available,2026-05-06T11:58:03Z,6,2026-05-10T11:58:03Z,5,4325.72,Active
SYN-Layout_C-0280,Layout_C,950.0,normal,False,2272270.0,Available,2026-04-25T11:58:03Z,2,2026-05-18T11:58:03Z,0,5201.35,Active
SYN-Layout_B-0281,Layout_B,1400.0,corner,False,9040106.0,Available,2026-05-05T11:58:03Z,8,2026-05-20T11:58:03Z,4,4325.72,Slow
SYN-Layout_A-0282,Layout_A,1950.0,normal,True,12334426.0,Available,2026-05-14T11:58:03Z,5,2026-05-18T11:58:03Z,6,4082.69,Slow
SYN-Layout_C-0283,Layout_C,1050.0,corner,False,5018592.0,Available,2026-05-11T11:58:03Z,2,2026-05-24T11:58:03Z,0,5201.35,Active
SYN-Layout_A-0284,Layout_A,1850.0,corner,False,9714529.0,Available,2026-04-27T11:58:03Z,5,2026-05-26T11:58:03Z,1,4082.69,Slow
SYN-Layout_C-0285,Layout_C,1100.0,corner,True,3134940.0,Available,2026-05-05T11:58:03Z,5,2026-05-24T11:58:03Z,8,5201.35,Active
SYN-Layout_C-0286,Layout_C,800.0,corner,False,4439144.0,Available,2026-04-26T11:58:03Z,7,2026-05-15T11:58:03Z,7,5201.35,Active
SYN-Layout_A-0287,Layout_A,1050.0,normal,True,5768940.0,Available,2026-05-17T11:58:03Z,4,2026-05-22T11:58:03Z,3,4082.69,Slow
SYN-Layout_B-0288,Layout_B,1050.0,normal,True,3955242.0,Available,2026-04-16T11:58:03Z,8,2026-05-27T11:58:03Z,8,4325.72,Active
SYN-Layout_C-0289,Layout_C,2400.0,normal,False,9023947.0,Available,2026-05-06T11:58:03Z,8,2026-05-21T11:58:03Z,1,5201.35,Active
SYN-Layout_A-0290,Layout_A,2350.0,corner,False,13067775.0,Available,2026-04-21T11:58:03Z,4,2026-05-08T11:58:03Z,6,4082.69,Slow
SYN-Layout_B-0291,Layout_B,2500.0,corner,False,12171289.0,Available,2026-04-24T11:58:03Z,2,2026-05-24T11:58:03Z,3,4325.72,Slow
SYN-Layout_A-0292,Layout_A,950.0,normal,False,7070942.0,Available,2026-04-22T11:58:03Z,7,2026-04-26T11:58:03Z,6,4082.69,Slow
SYN-Layout_A-0293,Layout_A,2800.0,corner,True,14007271.0,Available,2026-05-15T11:58:03Z,2,2026-05-24T11:58:03Z,2,4082.69,Slow
SYN-Layout_C-0294,Layout_C,1800.0,corner,True,8004163.0,Available,2026-05-20T11:58:03Z,7,2026-05-22T11:58:03Z,3,5201.35,Active
SYN-Layout_A-0295,Layout_A,2150.0,corner,True,6596764.0,Available,2026-04-16T11:58:03Z,4,2026-05-17T11:58:03Z,2,4082.69,Active
SYN-Layout_C-0296,Layout_C,800.0,corner,False,2660000.0,Available,2026-05-02T11:58:03Z,3,2026-05-17T11:58:03Z,1,5201.35,Active
SYN-Layout_A-0297,Layout_A,1850.0,corner,False,10972612.0,Available,2026-04-21T11:58:03Z,4,2026-04-22T11:58:03Z,7,4082.69,Slow
SYN-Layout_C-0298,Layout_C,1950.0,normal,True,5582703.0,Available,2026-04-18T11:58:03Z,4,2026-05-18T11:58:03Z,1,5201.35,Active
SYN-Layout_A-0299,Layout_A,2400.0,normal,False,5226514.0,Available,2026-05-24T11:58:03Z,2,2026-05-25T11:58:03Z,2,4082.69,Active
SYN-Layout_A-0300,Layout_A,900.0,normal,False,5021835.0,Available,2026-04-28T11:58:03Z,4,2026-05-21T11:58:03Z,4,4082.69,Slow
SYN-Layout_A-0301,Layout_A,2600.0,corner,False,9399731.0,Available,2026-05-21T11:58:03Z,3,2026-05-22T11:58:03Z,1,4082.69,Active
SYN-Layout_B-0302,Layout_B,1700.0,corner,False,11446501.0,Available,2026-05-04T11:58:03Z,6,2026-05-14T11:58:03Z,3,4325.72,Slow
SYN-Layout_B-0303,Layout_B,2600.0,normal,True,14431413.0,Available,2026-04-15T11:58:03Z,5,2026-05-05T11:58:03Z,8,4325.72,Slow
SYN-Layout_A-0304,Layout_A,1250.0,corner,False,3861493.0,Available,2026-05-23T11:58:03Z,6,2026-05-26T11:58:03Z,0,4082.69,Active
SYN-Layout_C-0305,Layout_C,2000.0,corner,False,13690116.0,Available,2026-05-05T11:58:03Z,3,2026-05-12T11:58:03Z,7,5201.35,Slow
SYN-Layout_A-0306,Layout_A,1250.0,normal,False,6509862.0,Available,2026-05-22T11:58:03Z,8,2026-05-24T11:58:03Z,7,4082.69,Slow
SYN-Layout_C-0307,Layout_C,1050.0,corner,False,4549429.0,Available,2026-05-16T11:58:03Z,2,2026-05-19T11:58:03Z,2,5201.35,Active
SYN-Layout_A-0308,Layout_A,1700.0,normal,True,7222304.0,Available,2026-04-29T11:58:03Z,4,2026-05-14T11:58:03Z,1,4082.69,Active
SYN-Layout_A-0309,Layout_A,1200.0,normal,False,7912783.0,Available,2026-05-18T11:58:03Z,2,2026-05-26T11:58:03Z,5,4082.69,Slow
SYN-Layout_B-0310,Layout_B,1150.0,normal,True,5363156.0,Available,2026-05-11T11:58:03Z,4,2026-05-14T11:58:03Z,1,4325.72,Active
SYN-Layout_A-0311,Layout_A,1750.0,corner,True,11654988.0,Available,2026-04-16T11:58:03Z,3,2026-05-08T11:58:03Z,3,4082.69,Slow
SYN-Layout_B-0312,Layout_B,2050.0,corner,False,8205490.0,Available,2026-05-05T11:58:03Z,8,2026-05-23T11:58:03Z,7,4325.72,Active
SYN-Layout_C-0313,Layout_C,2550.0,corner,True,7976494.0,Available,2026-05-18T11:58:03Z,2,2026-05-28T11:58:03Z,2,5201.35,Active
SYN-Layout_A-0314,Layout_A,2050.0,corner,True,9276342.0,Available,2026-05-19T11:58:03Z,8,2026-05-27T11:58:03Z,3,4082.69,Slow
SYN-Layout_C-0315,Layout_C,2200.0,corner,True,11531119.0,Available,2026-05-03T11:58:03Z,2,2026-05-14T11:58:03Z,6,5201.35,Active
SYN-Layout_C-0316,Layout_C,2050.0,corner,False,8006573.0,Available,2026-04-27T11:58:03Z,4,2026-05-22T11:58:03Z,4,5201.35,Active
SYN-Layout_B-0317,Layout_B,1250.0,normal,False,3616990.0,Available,2026-04-15T11:58:03Z,7,2026-05-10T11:58:03Z,8,4325.72,Active
SYN-Layout_B-0318,Layout_B,950.0,corner,True,2612597.0,Available,2026-05-16T11:58:03Z,3,2026-05-18T11:58:03Z,6,4325.72,Active
SYN-Layout_C-0319,Layout_C,1900.0,normal,False,9056713.0,Available,2026-04-23T11:58:03Z,6,2026-04-26T11:58:03Z,4,5201.35,Slow
SYN-Layout_A-0320,Layout_A,850.0,normal,True,3522527.0,Available,2026-05-23T11:58:03Z,2,2026-05-25T11:58:03Z,2,4082.69,Active
SYN-Layout_A-0321,Layout_A,1550.0,normal,False,7613806.0,Available,2026-04-20T11:58:03Z,8,2026-05-14T11:58:03Z,2,4082.69,Slow
SYN-Layout_A-0322,Layout_A,1550.0,normal,True,7461229.0,Available,2026-05-02T11:58:03Z,7,2026-05-06T11:58:03Z,3,4082.69,Slow
SYN-Layout_B-0323,Layout_B,2500.0,corner,True,8661596.0,Available,2026-05-22T11:58:03Z,2,2026-05-27T11:58:03Z,8,4325.72,Active
SYN-Layout_B-0324,Layout_B,800.0,normal,True,3756638.0,Available,2026-05-12T11:58:03Z,4,2026-05-23T11:58:03Z,0,4325.72,Active
SYN-Layout_A-0325,Layout_A,2650.0,normal,True,17368544.0,Available,2026-05-17T11:58:03Z,2,2026-05-23T11:58:03Z,5,4082.69,Slow
SYN-Layout_B-0326,Layout_B,1800.0,corner,False,6827351.0,Available,2026-04-27T11:58:03Z,7,2026-05-18T11:58:03Z,3,4325.72,Active
SYN-Layout_C-0327,Layout_C,2650.0,corner,False,14230343.0,Available,2026-05-05T11:58:03Z,3,2026-05-23T11:58:03Z,0,5201.35,Active
SYN-Layout_A-0328,Layout_A,2700.0,corner,False,12510810.0,Available,2026-04-15T11:58:03Z,7,2026-04-22T11:58:03Z,2,4082.69,Slow
SYN-Layout_B-0329,Layout_B,1000.0,normal,False,3434827.0,Available,2026-05-04T11:58:03Z,7,2026-05-26T11:58:03Z,0,4325.72,Active
SYN-Layout_B-0330,Layout_B,1450.0,corner,True,5756857.0,Available,2026-05-02T11:58:03Z,8,2026-05-25T11:58:03Z,6,4325.72,Active
SYN-Layout_B-0331,Layout_B,2100.0,normal,True,12451041.0,Available,2026-04-28T11:58:03Z,5,2026-05-17T11:58:03Z,7,4325.72,Slow
SYN-Layout_C-0332,Layout_C,1500.0,normal,True,4893916.0,Available,2026-05-22T11:58:03Z,2,2026-05-26T11:58:03Z,1,5201.35,Active
SYN-Layout_B-0333,Layout_B,1300.0,corner,False,7978261.0,Available,2026-05-20T11:58:03Z,4,2026-05-21T11:58:03Z,2,4325.72,Slow
SYN-Layout_C-0334,Layout_C,2150.0,normal,False,5888593.0,Available,2026-05-03T11:58:03Z,3,2026-05-15T11:58:03Z,4,5201.35,Active
SYN-Layout_A-0335,Layout_A,1100.0,normal,True,2994591.0,Available,2026-04-19T11:58:03Z,3,2026-05-25T11:58:03Z,6,4082.69,Active
SYN-Layout_A-0336,Layout_A,1700.0,corner,True,11132251.0,Available,2026-04-16T11:58:03Z,3,2026-05-22T11:58:03Z,2,4082.69,Slow
SYN-Layout_C-0337,Layout_C,1700.0,normal,False,5009525.0,Available,2026-05-17T11:58:03Z,8,2026-05-22T11:58:03Z,4,5201.35,Active
SYN-Layout_A-0338,Layout_A,2500.0,corner,False,9440485.0,Available,2026-04-30T11:58:03Z,3,2026-05-14T11:58:03Z,7,4082.69,Active
SYN-Layout_B-0339,Layout_B,1600.0,corner,False,6494772.0,Available,2026-04-18T11:58:03Z,3,2026-05-22T11:58:03Z,8,4325.72,Active
SYN-Layout_B-0340,Layout_B,2650.0,normal,True,9741700.0,Available,2026-04-30T11:58:03Z,6,2026-05-07T11:58:03Z,7,4325.72,Active
SYN-Layout_B-0341,Layout_B,1050.0,corner,True,5235451.0,Available,2026-05-22T11:58:03Z,2,2026-05-25T11:58:03Z,3,4325.72,Slow
SYN-Layout_A-0342,Layout_A,1200.0,corner,False,3270890.0,Available,2026-04-27T11:58:03Z,8,2026-05-08T11:58:03Z,5,4082.69,Active
SYN-Layout_C-0343,Layout_C,1000.0,normal,True,2870964.0,Available,2026-04-29T11:58:03Z,8,2026-05-20T11:58:03Z,8,5201.35,Active
SYN-Layout_B-0344,Layout_B,1150.0,corner,False,4391470.0,Available,2026-04-18T11:58:03Z,2,2026-04-22T11:58:03Z,8,4325.72,Slow
SYN-Layout_B-0345,Layout_B,2100.0,normal,False,7544295.0,Available,2026-04-23T11:58:03Z,2,2026-05-17T11:58:03Z,2,4325.72,Active
SYN-Layout_C-0346,Layout_C,2700.0,corner,True,16097487.0,Available,2026-05-22T11:58:03Z,4,2026-05-23T11:58:03Z,7,5201.35,Slow
SYN-Layout_B-0347,Layout_B,1950.0,corner,True,4960114.0,Available,2026-05-05T11:58:03Z,4,2026-05-13T11:58:03Z,2,4325.72,Active
SYN-Layout_B-0348,Layout_B,2200.0,corner,True,14723428.0,Available,2026-05-07T11:58:03Z,6,2026-05-08T11:58:03Z,7,4325.72,Slow
SYN-Layout_A-0349,Layout_A,2100.0,corner,True,12130233.0,Available,2026-04-21T11:58:03Z,8,2026-05-25T11:58:03Z,4,4082.69,Slow
SYN-Layout_C-0350,Layout_C,2400.0,corner,True,9010769.0,Available,2026-04-21T11:58:03Z,3,2026-05-16T11:58:03Z,3,5201.35,Active
SYN-Layout_A-0351,Layout_A,2250.0,normal,True,7413737.0,Available,2026-05-12T11:58:03Z,4,2026-05-14T11:58:03Z,0,4082.69,Active
SYN-Layout_A-0352,Layout_A,1950.0,normal,False,9548085.0,Available,2026-05-13T11:58:03Z,6,2026-05-20T11:58:03Z,2,4082.69,Slow
SYN-Layout_B-0353,Layout_B,1050.0,corner,True,3315075.0,Available,2026-05-21T11:58:03Z,8,2026-05-24T11:58:03Z,3,4325.72,Active
SYN-Layout_C-0354,Layout_C,1450.0,normal,True,5800735.0,Available,2026-04-22T11:58:03Z,8,2026-05-28T11:58:03Z,2,5201.35,Active
SYN-Layout_C-0355,Layout_C,800.0,normal,False,2598773.0,Available,2026-05-05T11:58:03Z,5,2026-05-16T11:58:03Z,4,5201.35,Active
SYN-Layout_A-0356,Layout_A,2250.0,corner,False,9424626.0,Available,2026-04-15T11:58:03Z,6,2026-05-22T11:58:03Z,8,4082.69,Active
SYN-Layout_C-0357,Layout_C,2700.0,normal,False,12985853.0,Available,2026-05-18T11:58:03Z,2,2026-05-23T11:58:03Z,4,5201.35,Active
SYN-Layout_B-0358,Layout_B,1750.0,normal,True,5208906.0,Available,2026-05-09T11:58:03Z,8,2026-05-16T11:58:03Z,0,4325.72,Active
SYN-Layout_C-0359,Layout_C,2350.0,corner,True,8315448.0,Available,2026-04-28T11:58:03Z,5,2026-05-05T11:58:03Z,5,5201.35,Active
SYN-Layout_C-0360,Layout_C,1500.0,corner,True,8475193.0,Available,2026-04-24T11:58:03Z,6,2026-05-09T11:58:03Z,4,5201.35,Active
SYN-Layout_A-0361,Layout_A,2300.0,corner,True,7973216.0,Available,2026-04-19T11:58:03Z,7,2026-05-07T11:58:03Z,5,4082.69,Active
SYN-Layout_A-0362,Layout_A,1750.0,normal,False,8609347.0,Available,2026-05-03T11:58:03Z,4,2026-05-10T11:58:03Z,1,4082.69,Slow
SYN-Layout_B-0363,Layout_B,950.0,corner,False,6341756.0,Available,2026-04-17T11:58:03Z,5,2026-05-16T11:58:03Z,8,4325.72,Slow
SYN-Layout_B-0364,Layout_B,2100.0,normal,False,6847433.0,Available,2026-05-15T11:58:03Z,3,2026-05-23T11:58:03Z,2,4325.72,Active
SYN-Layout_B-0365,Layout_B,1350.0,corner,True,6777576.0,Available,2026-05-03T11:58:03Z,4,2026-05-08T11:58:03Z,7,4325.72,Slow
SYN-Layout_B-0366,Layout_B,1450.0,corner,False,9443045.0,Available,2026-04-18T11:58:03Z,5,2026-05-23T11:58:03Z,6,4325.72,Slow
SYN-Layout_B-0367,Layout_B,2150.0,normal,True,14442229.0,Available,2026-05-24T11:58:03Z,6,2026-05-27T11:58:03Z,5,4325.72,Slow
SYN-Layout_C-0368,Layout_C,1400.0,normal,True,4036983.0,Available,2026-04-14T11:58:03Z,3,2026-05-06T11:58:03Z,1,5201.35,Active
SYN-Layout_B-0369,Layout_B,2400.0,normal,False,11461638.0,Available,2026-05-20T11:58:03Z,4,2026-05-24T11:58:03Z,6,4325.72,Slow
SYN-Layout_C-0370,Layout_C,1200.0,corner,False,5847266.0,Available,2026-04-23T11:58:03Z,8,2026-05-16T11:58:03Z,0,5201.35,Active
SYN-Layout_A-0371,Layout_A,1500.0,corner,True,10221552.0,Available,2026-05-11T11:58:03Z,6,2026-05-12T11:58:03Z,5,4082.69,Slow
SYN-Layout_C-0372,Layout_C,900.0,corner,True,4361124.0,Available,2026-05-08T11:58:03Z,6,2026-05-27T11:58:03Z,0,5201.35,Active
SYN-Layout_C-0373,Layout_C,1150.0,corner,True,4972188.0,Available,2026-05-17T11:58:03Z,5,2026-05-26T11:58:03Z,4,5201.35,Active
SYN-Layout_B-0374,Layout_B,1100.0,corner,False,6067599.0,Available,2026-04-15T11:58:03Z,5,2026-05-22T11:58:03Z,1,4325.72,Slow
SYN-Layout_A-0375,Layout_A,2350.0,normal,True,8514283.0,Available,2026-05-08T11:58:03Z,4,2026-05-15T11:58:03Z,0,4082.69,Active
SYN-Layout_C-0376,Layout_C,2350.0,corner,True,13656337.0,Available,2026-04-24T11:58:03Z,3,2026-05-28T11:58:03Z,1,5201.35,Slow
SYN-Layout_C-0377,Layout_C,2350.0,normal,True,8987835.0,Available,2026-04-22T11:58:03Z,7,2026-05-22T11:58:03Z,7,5201.35,Active
SYN-Layout_B-0378,Layout_B,1600.0,normal,False,6126418.0,Available,2026-05-13T11:58:03Z,8,2026-05-24T11:58:03Z,6,4325.72,Active
SYN-Layout_C-0379,Layout_C,1150.0,corner,False,3955252.0,Available,2026-05-22T11:58:03Z,8,2026-05-27T11:58:03Z,5,5201.35,Active
SYN-Layout_B-0380,Layout_B,2750.0,corner,True,11887155.0,Available,2026-05-19T11:58:03Z,8,2026-05-23T11:58:03Z,6,4325.72,Active
SYN-Layout_B-0381,Layout_B,2250.0,corner,True,9627335.0,Available,2026-04-24T11:58:03Z,7,2026-05-18T11:58:03Z,0,4325.72,Active
SYN-Layout_A-0382,Layout_A,1100.0,normal,True,5616291.0,Available,2026-04-24T11:58:03Z,3,2026-05-04T11:58:03Z,2,4082.69,Slow
SYN-Layout_B-0383,Layout_B,2350.0,normal,True,8387905.0,Available,2026-04-26T11:58:03Z,2,2026-05-12T11:58:03Z,8,4325.72,Active
SYN-Layout_C-0384,Layout_C,2600.0,corner,False,15286156.0,Available,2026-05-03T11:58:03Z,5,2026-05-07T11:58:03Z,5,5201.35,Slow
SYN-Layout_C-0385,Layout_C,2000.0,normal,False,7369772.0,Available,2026-04-19T11:58:03Z,2,2026-05-18T11:58:03Z,2,5201.35,Active
SYN-Layout_A-0386,Layout_A,2350.0,normal,False,8479877.0,Available,2026-05-07T11:58:03Z,6,2026-05-21T11:58:03Z,3,4082.69,Active
SYN-Layout_A-0387,Layout_A,2250.0,normal,False,11374670.0,Available,2026-04-26T11:58:03Z,8,2026-04-27T11:58:03Z,1,4082.69,Slow
SYN-Layout_B-0388,Layout_B,850.0,normal,True,2510235.0,Available,2026-05-22T11:58:03Z,8,2026-05-28T11:58:03Z,7,4325.72,Active
SYN-Layout_B-0389,Layout_B,1950.0,normal,False,9995028.0,Available,2026-05-10T11:58:03Z,4,2026-05-11T11:58:03Z,7,4325.72,Slow
SYN-Layout_A-0390,Layout_A,1100.0,normal,True,6871804.0,Available,2026-05-24T11:58:03Z,4,2026-05-26T11:58:03Z,0,4082.69,Slow
SYN-Layout_A-0391,Layout_A,2350.0,corner,True,8517837.0,Available,2026-04-28T11:58:03Z,4,2026-05-09T11:58:03Z,1,4082.69,Active
SYN-Layout_B-0392,Layout_B,1450.0,corner,True,7479361.0,Available,2026-05-12T11:58:03Z,2,2026-05-15T11:58:03Z,7,4325.72,Slow
SYN-Layout_B-0393,Layout_B,2650.0,normal,False,17881068.0,Available,2026-04-23T11:58:03Z,6,2026-05-25T11:58:03Z,8,4325.72,Slow
SYN-Layout_A-0394,Layout_A,2650.0,normal,False,9719133.0,Available,2026-05-16T11:58:03Z,5,2026-05-18T11:58:03Z,6,4082.69,Active
SYN-Layout_C-0395,Layout_C,1550.0,corner,False,5662329.0,Available,2026-05-03T11:58:03Z,5,2026-05-24T11:58:03Z,8,5201.35,Active
SYN-Layout_B-0396,Layout_B,2550.0,normal,False,14988326.0,Available,2026-04-19T11:58:03Z,3,2026-05-15T11:58:03Z,2,4325.72,Slow
SYN-Layout_C-0397,Layout_C,1350.0,normal,False,6572752.0,Available,2026-04-14T11:58:03Z,7,2026-05-21T11:58:03Z,6,5201.35,Slow
SYN-Layout_C-0398,Layout_C,2500.0,corner,False,11022094.0,Available,2026-04-27T11:58:03Z,6,2026-05-25T11:58:03Z,2,5201.35,Active
SYN-Layout_A-0399,Layout_A,950.0,corner,True,3015902.0,Available,2026-05-14T11:58:03Z,7,2026-05-24T11:58:03Z,4,4082.69,Active
SYN-Layout_A-0400,Layout_A,2500.0,normal,True,6537052.0,Available,2026-04-26T11:58:03Z,6,2026-05-14T11:58:03Z,8,4082.69,Active
SYN-Layout_C-0401,Layout_C,1700.0,normal,True,10125415.0,Available,2026-04-30T11:58:03Z,5,2026-05-03T11:58:03Z,0,5201.35,Slow
SYN-Layout_C-0402,Layout_C,1600.0,corner,True,5853098.0,Available,2026-04-26T11:58:03Z,7,2026-05-05T11:58:03Z,4,5201.35,Active
SYN-Layout_B-0403,Layout_B,1350.0,normal,False,6290129.0,Available,2026-05-13T11:58:03Z,5,2026-05-28T11:58:03Z,8,4325.72,Active
SYN-Layout_B-0404,Layout_B,1200.0,corner,True,4107690.0,Available,2026-05-08T11:58:03Z,4,2026-05-14T11:58:03Z,2,4325.72,Active
SYN-Layout_B-0405,Layout_B,2700.0,normal,True,8477540.0,Available,2026-04-14T11:58:03Z,5,2026-04-22T11:58:03Z,5,4325.72,Slow
SYN-Layout_C-0406,Layout_C,1500.0,corner,False,8892378.0,Available,2026-05-20T11:58:03Z,5,2026-05-22T11:58:03Z,3,5201.35,Slow
SYN-Layout_A-0407,Layout_A,1850.0,corner,False,7093075.0,Available,2026-05-11T11:58:03Z,6,2026-05-28T11:58:03Z,7,4082.69,Active
SYN-Layout_A-0408,Layout_A,2750.0,normal,False,18915904.0,Available,2026-05-22T11:58:03Z,5,2026-05-28T11:58:03Z,8,4082.69,Slow
SYN-Layout_C-0409,Layout_C,1700.0,normal,True,5370307.0,Available,2026-05-01T11:58:03Z,5,2026-05-27T11:58:03Z,5,5201.35,Active
SYN-Layout_C-0410,Layout_C,1050.0,corner,True,5954073.0,Available,2026-04-20T11:58:03Z,7,2026-05-24T11:58:03Z,6,5201.35,Active
SYN-Layout_A-0411,Layout_A,1450.0,corner,True,8055345.0,Available,2026-04-27T11:58:03Z,7,2026-05-07T11:58:03Z,7,4082.69,Slow
SYN-Layout_C-0412,Layout_C,1850.0,corner,True,4346940.0,Available,2026-05-21T11:58:03Z,8,2026-05-26T11:58:03Z,4,5201.35,Active
SYN-Layout_B-0413,Layout_B,2000.0,corner,True,9581544.0,Available,2026-04-27T11:58:03Z,2,2026-05-16T11:58:03Z,1,4325.72,Slow
SYN-Layout_C-0414,Layout_C,2650.0,normal,False,8045738.0,Available,2026-05-20T11:58:03Z,6,2026-05-27T11:58:03Z,1,5201.35,Active
SYN-Layout_B-0415,Layout_B,2200.0,corner,True,9008296.0,Available,2026-05-23T11:58:03Z,3,2026-05-24T11:58:03Z,6,4325.72,Active
SYN-Layout_C-0416,Layout_C,1700.0,corner,True,12067404.0,Available,2026-05-05T11:58:03Z,2,2026-05-11T11:58:03Z,0,5201.35,Slow
SYN-Layout_A-0417,Layout_A,2600.0,normal,True,12949894.0,Available,2026-04-19T11:58:03Z,4,2026-05-15T11:58:03Z,6,4082.69,Slow
SYN-Layout_C-0418,Layout_C,2400.0,corner,True,6765693.0,Available,2026-05-10T11:58:03Z,3,2026-05-25T11:58:03Z,8,5201.35,Active
SYN-Layout_B-0419,Layout_B,2550.0,normal,False,6896640.0,Available,2026-05-20T11:58:03Z,2,2026-05-25T11:58:03Z,5,4325.72,Active
SYN-Layout_A-0420,Layout_A,1550.0,normal,False,4346875.0,Available,2026-05-20T11:58:03Z,4,2026-05-21T11:58:03Z,4,4082.69,Active
SYN-Layout_C-0421,Layout_C,2650.0,corner,False,8909602.0,Available,2026-05-01T11:58:03Z,5,2026-05-23T11:58:03Z,3,5201.35,Active
SYN-Layout_A-0422,Layout_A,2150.0,normal,False,9264131.0,Available,2026-05-16T11:58:03Z,5,2026-05-21T11:58:03Z,4,4082.69,Active
SYN-Layout_B-0423,Layout_B,2550.0,corner,True,6911283.0,Available,2026-04-16T11:58:03Z,8,2026-05-11T11:58:03Z,4,4325.72,Active
SYN-Layout_C-0424,Layout_C,2800.0,normal,True,8986737.0,Available,2026-05-23T11:58:03Z,8,2026-05-24T11:58:03Z,0,5201.35,Active
SYN-Layout_C-0425,Layout_C,1600.0,normal,False,9131346.0,Available,2026-04-20T11:58:03Z,7,2026-05-19T11:58:03Z,3,5201.35,Active
SYN-Layout_C-0426,Layout_C,1700.0,corner,True,5367518.0,Available,2026-04-22T11:58:03Z,5,2026-05-05T11:58:03Z,2,5201.35,Active
SYN-Layout_C-0427,Layout_C,1200.0,normal,True,4744239.0,Available,2026-04-18T11:58:03Z,7,2026-04-28T11:58:03Z,3,5201.35,Active
SYN-Layout_B-0428,Layout_B,1500.0,normal,False,3952475.0,Available,2026-05-10T11:58:03Z,7,2026-05-22T11:58:03Z,7,4325.72,Active
SYN-Layout_B-0429,Layout_B,900.0,normal,False,2977267.0,Available,2026-05-04T11:58:03Z,7,2026-05-12T11:58:03Z,8,4325.72,Active
SYN-Layout_C-0430,Layout_C,1350.0,normal,True,6064959.0,Available,2026-05-01T11:58:03Z,6,2026-05-20T11:58:03Z,8,5201.35,Active
SYN-Layout_B-0431,Layout_B,1900.0,corner,False,13298807.0,Available,2026-04-23T11:58:03Z,6,2026-05-28T11:58:03Z,2,4325.72,Slow
SYN-Layout_A-0432,Layout_A,1000.0,normal,True,5101749.0,Available,2026-05-11T11:58:03Z,3,2026-05-23T11:58:03Z,3,4082.69,Slow
SYN-Layout_B-0433,Layout_B,1850.0,normal,True,9027220.0,Available,2026-04-24T11:58:03Z,3,2026-05-18T11:58:03Z,3,4325.72,Slow
SYN-Layout_A-0434,Layout_A,1200.0,corner,True,6324681.0,Available,2026-05-16T11:58:03Z,6,2026-05-26T11:58:03Z,4,4082.69,Slow
SYN-Layout_A-0435,Layout_A,2450.0,corner,True,15930538.0,Available,2026-04-18T11:58:03Z,7,2026-05-10T11:58:03Z,7,4082.69,Slow
SYN-Layout_C-0436,Layout_C,2300.0,corner,False,14513513.0,Available,2026-05-10T11:58:03Z,6,2026-05-24T11:58:03Z,2,5201.35,Slow
SYN-Layout_C-0437,Layout_C,1850.0,normal,True,11976942.0,Available,2026-04-17T11:58:03Z,3,2026-05-04T11:58:03Z,1,5201.35,Slow
SYN-Layout_A-0438,Layout_A,1400.0,corner,True,7756834.0,Available,2026-04-22T11:58:03Z,8,2026-05-19T11:58:03Z,7,4082.69,Slow
SYN-Layout_C-0439,Layout_C,2700.0,corner,True,8623065.0,Available,2026-04-20T11:58:03Z,2,2026-04-28T11:58:03Z,6,5201.35,Active
SYN-Layout_C-0440,Layout_C,2100.0,normal,False,10122247.0,Available,2026-04-21T11:58:03Z,3,2026-04-28T11:58:03Z,1,5201.35,Slow
SYN-Layout_B-0441,Layout_B,1200.0,normal,False,4424056.0,Sold,2026-03-01T11:58:03Z,7,2026-04-20T11:58:03Z,3,4325.72,Active
SYN-Layout_A-0442,Layout_A,800.0,corner,False,4123386.0,Sold,2025-12-17T11:58:03Z,9,2026-04-17T11:58:03Z,6,4082.69,Active
SYN-Layout_B-0443,Layout_B,1100.0,normal,False,3516703.0,Sold,2025-12-01T11:58:03Z,7,2026-04-24T11:58:03Z,4,4325.72,Active
SYN-Layout_C-0444,Layout_C,2050.0,normal,False,10678085.0,Sold,2025-12-09T11:58:03Z,5,2026-05-05T11:58:03Z,4,5201.35,Active
SYN-Layout_C-0445,Layout_C,1900.0,normal,True,12199319.0,Sold,2026-03-25T11:58:03Z,14,2026-05-14T11:58:03Z,1,5201.35,Active
SYN-Layout_A-0446,Layout_A,2400.0,corner,True,11569801.0,Sold,2025-12-10T11:58:03Z,5,2026-05-04T11:58:03Z,2,4082.69,Active
SYN-Layout_B-0447,Layout_B,2700.0,corner,False,10237192.0,Sold,2026-02-21T11:58:03Z,8,2026-05-23T11:58:03Z,6,4325.72,Active
SYN-Layout_C-0448,Layout_C,2450.0,normal,False,10210476.0,Sold,2025-11-28T11:58:03Z,15,2026-05-17T11:58:03Z,0,5201.35,Active
SYN-Layout_A-0449,Layout_A,2450.0,corner,False,8345474.0,Sold,2025-11-27T11:58:03Z,12,2026-05-18T11:58:03Z,3,4082.69,Active
SYN-Layout_C-0450,Layout_C,800.0,normal,False,4744564.0,Sold,2026-02-18T11:58:03Z,8,2026-04-16T11:58:03Z,3,5201.35,Active
SYN-Layout_C-0451,Layout_C,800.0,normal,False,4994667.0,Sold,2026-04-06T11:58:03Z,14,2026-04-23T11:58:03Z,4,5201.35,Active
SYN-Layout_A-0452,Layout_A,2700.0,normal,True,16142782.0,Sold,2026-01-16T11:58:03Z,7,2026-05-17T11:58:03Z,8,4082.69,Active
SYN-Layout_A-0453,Layout_A,2400.0,normal,False,8767391.0,Sold,2026-03-31T11:58:03Z,11,2026-04-22T11:58:03Z,6,4082.69,Active
SYN-Layout_C-0454,Layout_C,2300.0,corner,False,12316821.0,Sold,2026-02-02T11:58:03Z,13,2026-04-29T11:58:03Z,1,5201.35,Active
SYN-Layout_B-0455,Layout_B,1000.0,normal,False,4487791.0,Sold,2026-03-04T11:58:03Z,15,2026-05-08T11:58:03Z,8,4325.72,Active
SYN-Layout_C-0456,Layout_C,800.0,normal,True,5081613.0,Sold,2026-02-25T11:58:03Z,4,2026-05-03T11:58:03Z,8,5201.35,Active
SYN-Layout_A-0457,Layout_A,2300.0,corner,False,8630765.0,Sold,2025-12-04T11:58:03Z,5,2026-04-15T11:58:03Z,3,4082.69,Active
SYN-Layout_A-0458,Layout_A,1550.0,normal,True,9001980.0,Sold,2026-03-02T11:58:03Z,6,2026-04-19T11:58:03Z,1,4082.69,Active
SYN-Layout_A-0459,Layout_A,1050.0,corner,False,6816410.0,Sold,2025-12-24T11:58:03Z,15,2026-04-24T11:58:03Z,5,4082.69,Active
SYN-Layout_C-0460,Layout_C,1800.0,normal,False,9829739.0,Sold,2025-12-03T11:58:03Z,10,2026-05-17T11:58:03Z,3,5201.35,Active
SYN-Layout_C-0461,Layout_C,1200.0,normal,False,3462073.0,Sold,2026-01-11T11:58:03Z,11,2026-05-26T11:58:03Z,2,5201.35,Active
SYN-Layout_B-0462,Layout_B,1150.0,corner,False,6517087.0,Sold,2026-02-08T11:58:03Z,3,2026-04-15T11:58:03Z,1,4325.72,Active
SYN-Layout_B-0463,Layout_B,1950.0,normal,False,11669652.0,Sold,2026-03-13T11:58:03Z,6,2026-05-11T11:58:03Z,5,4325.72,Active
SYN-Layout_A-0464,Layout_A,2350.0,normal,True,9299717.0,Sold,2026-01-24T11:58:03Z,9,2026-05-11T11:58:03Z,2,4082.69,Active
SYN-Layout_C-0465,Layout_C,1500.0,normal,True,7787934.0,Sold,2026-02-19T11:58:03Z,11,2026-05-01T11:58:03Z,2,5201.35,Active
SYN-Layout_C-0466,Layout_C,1250.0,normal,False,6501688.0,Sold,2026-03-15T11:58:03Z,10,2026-05-20T11:58:03Z,4,5201.35,Active
SYN-Layout_B-0467,Layout_B,2550.0,corner,True,16524094.0,Sold,2026-01-18T11:58:03Z,14,2026-05-18T11:58:03Z,4,4325.72,Active
SYN-Layout_B-0468,Layout_B,2800.0,normal,False,8345825.0,Sold,2026-02-03T11:58:03Z,8,2026-05-05T11:58:03Z,0,4325.72,Active
SYN-Layout_B-0469,Layout_B,1150.0,corner,False,5420616.0,Sold,2025-11-25T11:58:03Z,12,2026-04-22T11:58:03Z,5,4325.72,Active
SYN-Layout_B-0470,Layout_B,2400.0,normal,False,12515761.0,Sold,2026-01-05T11:58:03Z,9,2026-04-19T11:58:03Z,2,4325.72,Active
SYN-Layout_A-0471,Layout_A,2800.0,corner,False,19863329.0,Sold,2026-01-12T11:58:03Z,4,2026-05-23T11:58:03Z,3,4082.69,Active
SYN-Layout_B-0472,Layout_B,1800.0,normal,False,9001604.0,Sold,2026-02-20T11:58:03Z,7,2026-04-30T11:58:03Z,6,4325.72,Active
SYN-Layout_A-0473,Layout_A,1350.0,corner,True,6957528.0,Sold,2026-02-28T11:58:03Z,14,2026-04-14T11:58:03Z,2,4082.69,Active
SYN-Layout_B-0474,Layout_B,1100.0,corner,True,2784231.0,Sold,2025-12-29T11:58:03Z,3,2026-05-03T11:58:03Z,4,4325.72,Active
SYN-Layout_C-0475,Layout_C,1250.0,normal,False,3954312.0,Sold,2026-01-20T11:58:03Z,6,2026-05-13T11:58:03Z,2,5201.35,Active
SYN-Layout_A-0476,Layout_A,2450.0,normal,False,13349695.0,Sold,2026-04-21T11:58:03Z,8,2026-04-28T11:58:03Z,8,4082.69,Active
SYN-Layout_B-0477,Layout_B,1200.0,normal,False,9546494.0,Sold,2025-12-12T11:58:03Z,12,2026-04-20T11:58:03Z,8,4325.72,Active
SYN-Layout_C-0478,Layout_C,2800.0,corner,False,12777882.0,Sold,2026-01-31T11:58:03Z,11,2026-05-14T11:58:03Z,4,5201.35,Active
SYN-Layout_B-0479,Layout_B,2100.0,corner,False,6827921.0,Sold,2026-04-27T11:58:03Z,11,2026-05-02T11:58:03Z,4,4325.72,Active
SYN-Layout_B-0480,Layout_B,2500.0,normal,False,7127559.0,Sold,2025-12-25T11:58:03Z,7,2026-05-28T11:58:03Z,3,4325.72,Active
SYN-Layout_A-0481,Layout_A,2550.0,corner,False,9510165.0,Sold,2025-12-07T11:58:03Z,9,2026-05-13T11:58:03Z,6,4082.69,Active
SYN-Layout_A-0482,Layout_A,1600.0,normal,False,4603779.0,Sold,2026-02-27T11:58:03Z,7,2026-04-17T11:58:03Z,3,4082.69,Active
SYN-Layout_A-0483,Layout_A,1350.0,normal,False,3988573.0,Sold,2025-11-17T11:58:03Z,12,2026-04-30T11:58:03Z,3,4082.69,Active
SYN-Layout_B-0484,Layout_B,850.0,normal,False,2309068.0,Sold,2025-12-14T11:58:03Z,5,2026-05-22T11:58:03Z,2,4325.72,Active
SYN-Layout_C-0485,Layout_C,2200.0,corner,False,10283409.0,Sold,2026-04-06T11:58:03Z,3,2026-04-27T11:58:03Z,6,5201.35,Active
SYN-Layout_B-0486,Layout_B,2350.0,corner,False,9784554.0,Sold,2026-04-21T11:58:03Z,4,2026-05-19T11:58:03Z,6,4325.72,Active
SYN-Layout_A-0487,Layout_A,2500.0,corner,False,10206722.0,Sold,2026-02-24T11:58:03Z,3,2026-05-21T11:58:03Z,7,4082.69,Active
SYN-Layout_A-0488,Layout_A,900.0,normal,False,3085935.0,Sold,2026-04-05T11:58:03Z,10,2026-05-04T11:58:03Z,2,4082.69,Active
SYN-Layout_C-0489,Layout_C,900.0,normal,True,6118717.0,Sold,2025-12-17T11:58:03Z,7,2026-04-28T11:58:03Z,5,5201.35,Active
SYN-Layout_A-0490,Layout_A,1450.0,corner,False,8418818.0,Sold,2025-11-18T11:58:03Z,8,2026-05-28T11:58:03Z,1,4082.69,Active
SYN-Layout_B-0491,Layout_B,1550.0,corner,False,4864499.0,Sold,2025-12-02T11:58:03Z,14,2026-04-20T11:58:03Z,1,4325.72,Active
SYN-Layout_A-0492,Layout_A,1300.0,corner,True,5240548.0,Sold,2025-11-22T11:58:03Z,15,2026-04-18T11:58:03Z,5,4082.69,Active
SYN-Layout_C-0493,Layout_C,1250.0,normal,False,7148395.0,Sold,2026-04-02T11:58:03Z,10,2026-05-14T11:58:03Z,7,5201.35,Active
SYN-Layout_C-0494,Layout_C,1400.0,normal,False,4077060.0,Sold,2026-01-28T11:58:03Z,7,2026-05-26T11:58:03Z,8,5201.35,Active
SYN-Layout_B-0495,Layout_B,2500.0,normal,False,14003818.0,Sold,2025-12-05T11:58:03Z,11,2026-05-06T11:58:03Z,4,4325.72,Active
SYN-Layout_C-0496,Layout_C,2550.0,normal,False,7062352.0,Sold,2026-03-21T11:58:03Z,7,2026-05-12T11:58:03Z,0,5201.35,Active
SYN-Layout_C-0497,Layout_C,2400.0,normal,True,11119950.0,Sold,2026-04-25T11:58:03Z,15,2026-05-13T11:58:03Z,8,5201.35,Active
SYN-Layout_B-0498,Layout_B,1400.0,normal,False,7306325.0,Sold,2025-12-09T11:58:03Z,12,2026-05-10T11:58:03Z,5,4325.72,Active
SYN-Layout_A-0499,Layout_A,1100.0,corner,True,5687267.0,Sold,2026-04-18T11:58:03Z,5,2026-05-26T11:58:03Z,7,4082.69,Active
SYN-Layout_A-0500,Layout_A,1100.0,normal,True,3119825.0,Sold,2026-01-20T11:58:03Z,11,2026-04-19T11:58:03Z,5,4082.69,Active
